date,word,language,month,Leo_months,en_word
2020-08-07,Mama,neutral,2020-08,9,Mama
2020-09-24,agua,spanish,2020-09,11,Water
2020-10-07,Abuela,spanish,2020-10,11,Grandmother
2020-10-31,luna,spanish,2020-10,12,Moon
2020-11-05,Banane,german,2020-11,12,banana
2020-11-15,Pepe,neutral,2020-11,12,Pepe
2020-11-18,Ball,german,2020-11,13,ball
2020-11-22,más,spanish,2020-11,13,plus
2020-11-23,no,spanish,2020-11,13,No
2020-11-24,Mami,neutral,2020-11,13,Mami
2020-12-01,luz,spanish,2020-12,13,light
2020-12-04,Auge,german,2020-12,13,Eye
2020-12-10,ups,neutral,2020-12,13,ups
2020-12-13,lechita,spanish,2020-12,13,milk
2020-12-15,este,spanish,2020-12,13,East
2020-12-15,heiß,german,2020-12,13,hot
2020-12-17,hola,spanish,2020-12,13,hello
2020-12-22,nein,german,2020-12,14,no
2020-12-29,Marta,neutral,2020-12,14,Marta
2021-01-05,Juljul,neutral,2021-01,14,Juljul
2021-01-06,das,german,2021-01,14,the
2021-01-06,más,spanish,2021-01,14,plus
2021-01-08,árbol,spanish,2021-01,14,tree
2021-01-13,boca,spanish,2021-01,14,mouth
2021-01-14,kaputt,german,2021-01,14,broken
2021-01-22,tschüss,german,2021-01,15,bye Bye
2021-01-25,wow,neutral,2021-01,15,wow
2021-01-25,zu,german,2021-01,15,to
2021-01-26,Bob,neutral,2021-01,15,Bob
2021-01-27,leche,spanish,2021-01,15,milk
2021-01-28,Bretzel,german,2021-01,15,Bretzel
2021-01-31,boobie,neutral,2021-01,15,boobie
2021-02-01,sol,spanish,2021-02,15,sun
2021-02-02,zapato,spanish,2021-02,15,shoe
2021-02-03,Rieke,neutral,2021-02,15,Rieke
2021-02-04,Aqui’sta,spanish,2021-02,15,Here
2021-02-06,uva,spanish,2021-02,15,grape
2021-02-08,azul,spanish,2021-02,15,blue
2021-02-09,niña,spanish,2021-02,15,little girl
2021-02-14,Hüpf,german,2021-02,15,Bouncing
2021-02-14,Achtung,german,2021-02,15,danger
2021-02-15,Bravo,neutral,2021-02,15,Bravo
2021-02-15,Oma,german,2021-02,15,granny
2021-02-17,Nase,german,2021-02,16,Nose
2021-02-20,Spieli,german,2021-02,16,Game
2021-02-21,Licht,german,2021-02,16,light
2021-02-22,gracias,spanish,2021-02,16,Thank you
2021-02-22,corazón,spanish,2021-02,16,heart
2021-02-23,ja,german,2021-02,16,Yes
2021-02-23,otro,spanish,2021-02,16,other
2021-02-26,casa,spanish,2021-02,16,House
2021-03-08,papa,spanish,2021-03,16,dad
2021-03-09,Leo,neutral,2021-03,16,Leo
2021-03-09,gut,german,2021-03,16,Well
2021-03-10,Hallo,german,2021-03,16,Hi
2021-03-10,pompa,spanish,2021-03,16,pomp
2021-03-11,Mario,neutral,2021-03,16,Mario
2021-03-13,Sushi,neutral,2021-03,16,Sushi
2021-03-13,nube,spanish,2021-03,16,cloud
2021-03-14,te,spanish,2021-03,16,tea
2021-03-14,Moni,neutral,2021-03,16,Moni
2021-03-15,bubbles,neutral,2021-03,16,bubbles
2021-03-15,cielo,spanish,2021-03,16,darling
2021-03-16,tres,spanish,2021-03,16,three
2021-03-17,muchacho,spanish,2021-03,16,young guy
2021-03-18,calcetín,spanish,2021-03,16,sock
2021-03-19,Apfel,german,2021-03,16,Apple
2021-03-19,pulpo,spanish,2021-03,16,octopus
2021-03-20,Jonas,neutral,2021-03,17,Jonas
2021-03-22,asi,spanish,2021-03,17,So
2021-03-22,ok,neutral,2021-03,17,ok
2021-03-22,chiquito,spanish,2021-03,17,tiny
2021-03-23,Noam,neutral,2021-03,17,Noam
2021-03-24,Nicola,neutral,2021-03,17,Nicola
2021-03-26,ahjö,german,2021-03,17,Ahjö
2021-03-27,fuego,spanish,2021-03,17,fire
2021-03-27,Lotte,neutral,2021-03,17,Lotte
2021-03-30,queso,spanish,2021-03,17,cheese
2021-03-31,bici,spanish,2021-03,17,bike
2021-03-31,Katrin,neutral,2021-03,17,Katrin
2021-04-02,si,spanish,2021-04,17,Yes
2021-04-02,Blume,german,2021-04,17,flower
2021-04-03,Pizza,german,2021-04,17,Pizza
2021-04-04,Pasta,german,2021-04,17,pasta
2021-04-06,Markus,neutral,2021-04,17,Markus
2021-04-08,Schlüssel,german,2021-04,17,key
2021-04-10,Fritzi,neutral,2021-04,17,Fritzi
2021-04-11,Auerhahn,german,2021-04,17,Auerhahn
2021-04-11,Chu,neutral,2021-04,17,Chu
2021-04-12,Popo,german,2021-04,17,Buttocks
2021-04-13,Abi,neutral,2021-04,17,Abi
2021-04-13,caca,neutral,2021-04,17,caca
2021-04-15,Barbara,neutral,2021-04,17,Barbara
2021-04-16,Schuh,german,2021-04,17,shoe
2021-04-17,Chrisi,neutral,2021-04,17,Chrisi
2021-04-17,naranja,spanish,2021-04,17,orange
2021-04-17,Auto,german,2021-04,17,automobile
2021-04-19,Mühlabfur,german,2021-04,18,Garbage disposal
2021-04-21,rojo,spanish,2021-04,18,red
2021-04-21,essen,german,2021-04,18,meal
2021-04-22,Wasser,german,2021-04,18,water
2021-04-22,Joghurt,spanish,2021-04,18,Joghurt
2021-04-22,runter,german,2021-04,18,down
2021-04-23,Abuelo,spanish,2021-04,18,Grandfather
2021-04-23,Cashew,german,2021-04,18,Cashew
2021-04-24,Ana,neutral,2021-04,18,Ana
2021-04-24,Taylor,neutral,2021-04,18,Taylor
2021-04-24,Ohr,german,2021-04,18,Ear
2021-04-24,casco,spanish,2021-04,18,helmet
2021-04-25,cariñito,spanish,2021-04,18,Cariñito
2021-04-25,da,german,2021-04,18,there
2021-04-26,Lina,neutral,2021-04,18,Lina
2021-04-26,pan,spanish,2021-04,18,bread
2021-04-27,sopa,spanish,2021-04,18,Soup
2021-04-29,anillo,spanish,2021-04,18,ring
2021-04-29,Sonja,neutral,2021-04,18,Sonja
2021-04-30,aguacate,spanish,2021-04,18,avocado
2021-04-30,bye,neutral,2021-04,18,bye
2021-04-30,Tio,neutral,2021-04,18,Tio
2021-04-30,listo,spanish,2021-04,18,clever
2021-04-30,pie,spanish,2021-04,18,foot
2021-04-30,lentes,spanish,2021-04,18,glasses
2021-05-01,Fisch,german,2021-05,18,Fish
2021-05-01,huevo,spanish,2021-05,18,egg
2021-05-01,sucio,spanish,2021-05,18,dirty
2021-05-01,nass,german,2021-05,18,wet
2021-05-01,silla,spanish,2021-05,18,chair
2021-05-02,limón,spanish,2021-05,18,lemon
2021-05-02,Baum,german,2021-05,18,tree
2021-05-02,Kirsch,german,2021-05,18,Cherry
2021-05-02,adiós,spanish,2021-05,18,bye
2021-05-02,Handy,german,2021-05,18,mobile
2021-05-02,Tipi,german,2021-05,18,Tipi
2021-05-03,blau,spanish,2021-05,18,Blau
2021-05-04,kalt,spanish,2021-05,18,Kalt
2021-05-04,mira,spanish,2021-05,18,look
2021-05-04,flamingo,spanish,2021-05,18,Flamingo
2021-05-04,Marin,neutral,2021-05,18,Marin
2021-05-05,lluvia,spanish,2021-05,18,rain
2021-05-06,Hand,german,2021-05,18,hand
2021-05-06,weich,german,2021-05,18,soft
2021-05-07,mesa,spanish,2021-05,18,table
2021-05-07,auf,german,2021-05,18,on
2021-05-07,lecker,german,2021-05,18,yummy
2021-05-07,Peter,neutral,2021-05,18,Peter
2021-05-08,an,german,2021-05,18,on
2021-05-08,super,german,2021-05,18,great
2021-05-09,Lisa,neutral,2021-05,18,Lisa
2021-05-09,mano,spanish,2021-05,18,hand
2021-05-09,crema,spanish,2021-05,18,cream
2021-05-10,ojo,spanish,2021-05,18,eye
2021-05-10,sopa,spanish,2021-05,18,Soup
2021-05-10,Mais,german,2021-05,18,Corn
2021-05-11,verde,spanish,2021-05,18,green
2021-05-11,piña,spanish,2021-05,18,pineapple
2021-05-11,pipí,spanish,2021-05,18,pee
2021-05-11,Dino,german,2021-05,18,Dino
2021-05-12,ciao,spanish,2021-05,18,ciao
2021-05-12,sucio,spanish,2021-05,18,dirty
2021-05-12,AyDios,spanish,2021-05,18,Oh my God
2021-05-12,verde,spanish,2021-05,18,green
2021-05-12,planta,spanish,2021-05,18,plant
2021-05-12,amarillo,spanish,2021-05,18,yellow
2021-05-12,ropa,spanish,2021-05,18,clothing
2021-05-12,Ananas,german,2021-05,18,pineapple
2021-05-12,penis,spanish,2021-05,18,Penis
2021-05-13,Garage,german,2021-05,18,garage
2021-05-13,auch,german,2021-05,18,also
2021-05-13,Tase,german,2021-05,18,Snack
2021-05-13,aceite,spanish,2021-05,18,oil
2021-05-14,vamos,spanish,2021-05,18,we go
2021-05-14,malen,german,2021-05,18,to paint
2021-05-15,mehr,german,2021-05,18,more
2021-05-15,Uhr,german,2021-05,18,watch
2021-05-16,ven,spanish,2021-05,18,come
2021-05-17,tapa,spanish,2021-05,18,top
2021-05-17,máquina,spanish,2021-05,18,machine
2021-05-17,fuera,spanish,2021-05,18,outside
2021-05-18,hormiga,spanish,2021-05,18,ant
2021-05-19,Milch,german,2021-05,18,milk
2021-05-19,bolsa,spanish,2021-05,18,bag
2021-05-19,rápido,spanish,2021-05,18,Quick
2021-05-19,juntos,spanish,2021-05,18,together
2021-05-19,fresa,spanish,2021-05,18,strawberry
2021-05-20,Trage,german,2021-05,19,Sluggish
2021-05-20,Kaffee,spanish,2021-05,19,Kaffee
2021-05-20,todos,spanish,2021-05,19,everybody
2021-05-21,Fuß,german,2021-05,19,Foot
2021-05-21,rico,spanish,2021-05,19,rich
2021-05-22,pelo,spanish,2021-05,19,hair
2021-05-22,viento,spanish,2021-05,19,wind
2021-05-22,hambre,spanish,2021-05,19,hunger
2021-05-23,mio,spanish,2021-05,19,mine
2021-05-23,abajo,spanish,2021-05,19,down
2021-05-24,piso,spanish,2021-05,19,flat
2021-05-24,ich,german,2021-05,19,I
2021-05-24,rosa,spanish,2021-05,19,rose
2021-05-24,gis,spanish,2021-05,19,chalk
2021-05-25,Ei,german,2021-05,19,egg
2021-05-25,Maus,german,2021-05,19,Mouse
2021-05-25,Stein,german,2021-05,19,Stone
2021-05-25,Shampoo,spanish,2021-05,19,Shampoo
2021-05-26,pingo,spanish,2021-05,19,Pingo
2021-05-27,cama,spanish,2021-05,19,bed
2021-05-28,Koala,german,2021-05,19,Koala bear
2021-05-29,Pups,german,2021-05,19,Pups
2021-05-29,Nuss,german,2021-05,19,nut
2021-05-29,libro,spanish,2021-05,19,book
2021-05-29,yo,spanish,2021-05,19,me
2021-05-29,frío,spanish,2021-05,19,cold
2021-05-29,raus,german,2021-05,19,Out
2021-05-30,dos,spanish,2021-05,19,two
2021-05-30,pato,spanish,2021-05,19,duck
2021-05-30,pierna,spanish,2021-05,19,leg
2021-05-31,Nussmuss,german,2021-05,19,Nut
2021-05-31,pañal,spanish,2021-05,19,honeycomb
2021-05-31,atrás,spanish,2021-05,19,behind
2021-06-01,Gordo,neutral,2021-06,19,Gordo
2021-06-01,guckmal,german,2021-06,19,have a look
2021-06-01,dankeschön,german,2021-06,19,Thank you very much
2021-06-01,Bein,german,2021-06,19,leg
2021-06-02,grün,german,2021-06,19,green
2021-06-02,Pflaster,german,2021-06,19,Pavement
2021-06-02,palo,spanish,2021-06,19,stick
2021-06-02,paso,spanish,2021-06,19,step
2021-06-02,grau,german,2021-06,19,Gray
2021-06-03,cabeza,spanish,2021-06,19,head
2021-06-03,Bagger,german,2021-06,19,Excavator
2021-06-04,estrella,spanish,2021-06,19,star
2021-06-04,flor,spanish,2021-06,19,flower
2021-06-04,escucha,spanish,2021-06,19,listen
2021-06-04,freetime,neutral,2021-06,19,freetime
2021-06-05,abrazo,spanish,2021-06,19,hug
2021-06-05,pinching,neutral,2021-06,19,pinching
2021-06-05,cuchillo,spanish,2021-06,19,knife
2021-06-05,fuchi,spanish,2021-06,19,Fuchi
2021-06-06,leer,german,2021-06,19,empty
2021-06-06,balcón,spanish,2021-06,19,balcony
2021-06-06,abeja,spanish,2021-06,19,bee
2021-06-06,panda,spanish,2021-06,19,panda
2021-06-07,cuello,spanish,2021-06,19,neck
2021-06-07,diente,spanish,2021-06,19,tooth
2021-06-07,Eimer,german,2021-06,19,Bucket
2021-06-07,piedra,spanish,2021-06,19,stone
2021-06-07,llave,spanish,2021-06,19,wrench
2021-06-07,baño,spanish,2021-06,19,bath
2021-06-08,Krahn,german,2021-06,19,Crash
2021-06-08,freetime,neutral,2021-06,19,freetime
2021-06-08,blau,german,2021-06,19,blue
2021-06-09,balcón,spanish,2021-06,19,balcony
2021-06-09,hoch,german,2021-06,19,high
2021-06-10,aus,german,2021-06,19,out
2021-06-10,mit,german,2021-06,19,With
2021-06-10,pelota,spanish,2021-06,19,ball
2021-06-10,Teller,german,2021-06,19,Plate
2021-06-10,oben,v,2021-06,19,oben
2021-06-10,Hocker,german,2021-06,19,stool
2021-06-10,cuarto,spanish,2021-06,19,fourth
2021-06-10,uñas,spanish,2021-06,19,nail
2021-06-10,Bett,german,2021-06,19,bed
2021-06-11,Gabel,german,2021-06,19,Fork
2021-06-12,Mund,german,2021-06,19,mouth
2021-06-12,uno,spanish,2021-06,19,one
2021-06-12,despierta,spanish,2021-06,19,wake up
2021-06-13,hamaca,spanish,2021-06,19,hammock
2021-06-13,negro,spanish,2021-06,19,black
2021-06-13,alberca,spanish,2021-06,19,swimming pool
2021-06-13,gato,spanish,2021-06,19,cat
2021-06-13,calle,spanish,2021-06,19,street
2021-06-13,fang,german,2021-06,19,catch
2021-06-13,nada,spanish,2021-06,19,any
2021-06-14,Schlafsack,german,2021-06,19,Sleeping bag
2021-06-14,espalda,spanish,2021-06,19,back
2021-06-14,cuello,spanish,2021-06,19,neck
2021-06-14,hielo,spanish,2021-06,19,ice
2021-06-14,conejo,spanish,2021-06,19,rabbit
2021-06-14,Stift,german,2021-06,19,Pen
2021-06-15,Finger,german,2021-06,19,finger
2021-06-16,cocina,spanish,2021-06,19,kitchen
2021-06-16,moneda,spanish,2021-06,19,currency
2021-06-16,tortilla,spanish,2021-06,19,tortilla
2021-06-16,Rutsche,german,2021-06,19,slide
2021-06-17,plato,spanish,2021-06,19,dish
2021-06-17,perro,spanish,2021-06,19,dog
2021-06-17,caminar,spanish,2021-06,19,to walk
2021-06-17,kuscheln,german,2021-06,19,cuddling
2021-06-17,Kinderwagen,german,2021-06,19,stroller
2021-06-17,Straße,german,2021-06,19,Street
2021-06-17,schauen,german,2021-06,19,watch
2021-06-17,Fuchs,german,2021-06,19,Fox
2021-06-17,Bus,german,2021-06,19,bus
2021-06-18,Müsli,german,2021-06,19,Muesli
2021-06-18,werfen,german,2021-06,19,throw
2021-06-18,klettern,german,2021-06,19,climb
2021-06-18,burbujas,spanish,2021-06,19,bubbles
2021-06-18,barco,spanish,2021-06,19,boat
2021-06-18,Schwein,german,2021-06,19,Pig
2021-06-18,cocina,spanish,2021-06,19,kitchen
2021-06-18,Wohnzimmer,german,2021-06,19,living room
2021-06-18,baño,spanish,2021-06,19,bath
2021-06-19,hochklettern,german,2021-06,20,climbing up
2021-06-19,blanco,spanish,2021-06,20,white
2021-06-19,jirafa,spanish,2021-06,20,giraffe
2021-06-20,cocodrilo,spanish,2021-06,20,alligator
2021-06-20,techo,spanish,2021-06,20,the ceiling
2021-06-20,cargo,spanish,2021-06,20,position
2021-06-20,Katze,german,2021-06,20,Cat
2021-06-20,Couch,german,2021-06,20,couch
2021-06-21,beißen,german,2021-06,20,bite
2021-06-21,flasche,german,2021-06,20,bottle
2021-06-21,todos,spanish,2021-06,20,everybody
2021-06-22,cuatro,spanish,2021-06,20,four
2021-06-23,espejo,spanish,2021-06,20,mirror
2021-06-23,highfive,neutral,2021-06,20,highfive
2021-06-23,Unterhose,german,2021-06,20,Underpants
2021-06-23,Gartenmurmel,german,2021-06,20,Gardening
2021-06-24,tiburón,spanish,2021-06,20,shark
2021-06-24,Bett,german,2021-06,20,bed
2021-06-24,Heidelbeeren,german,2021-06,20,blueberries
2021-06-24,Bäuerchen,german,2021-06,20,Peasant
2021-06-25,lirón,spanish,2021-06,20,dormouse
2021-06-25,de nada,spanish,2021-06,20,no problem
2021-06-25,noche,spanish,2021-06,20,night
2021-06-25,baño,spanish,2021-06,20,bath
2021-06-25,kalt,german,2021-06,20,cold
2021-06-25,waschen,german,2021-06,20,to wash
2021-06-25,aspirar,spanish,2021-06,20,Aspire
2021-06-25,morder,spanish,2021-06,20,to bite
2021-06-26,so,german,2021-06,20,so
2021-06-26,durst,german,2021-06,20,thirst
2021-06-27,Leiter,german,2021-06,20,director
2021-06-27,Decke,german,2021-06,20,ceiling
2021-06-27,Fuchs,german,2021-06,20,Fox
2021-06-27,Fledermaus,german,2021-06,20,bat
2021-06-27,Frühling,german,2021-06,20,spring
2021-06-27,Herbst,german,2021-06,20,autumn
2021-06-27,mucho,spanish,2021-06,20,much
2021-06-27,alberca,spanish,2021-06,20,swimming pool
2021-06-27,Eule,german,2021-06,20,Owl
2021-06-28,weg,german,2021-06,20,away
2021-06-28,Zwieback,german,2021-06,20,zwieback
2021-06-28,Zebra,german,2021-06,20,zebra
2021-06-28,Pijama,german,2021-06,20,Pijama
2021-06-29,Frühstück,german,2021-06,20,breakfast
2021-06-29,hell,german,2021-06,20,bright
2021-06-29,Taschenrechner,german,2021-06,20,calculator
2021-06-29,Bartolito,neutral,2021-06,20,Bartolito
2021-06-29,Buch,german,2021-06,20,A book
2021-06-30,streicheln,german,2021-06,20,stroke
2021-06-30,cabra,spanish,2021-06,20,goat
2021-06-30,rausschauen,german,2021-06,20,look out
2021-06-30,grande,spanish,2021-06,20,great
2021-06-30,Bahnhof,german,2021-06,20,train station
2021-07-01,Schnecke,german,2021-07,20,Snail
2021-07-01,hay,spanish,2021-07,20,there are
2021-07-01,córrele,spanish,2021-07,20,corre it
2021-07-02,Rücken,german,2021-07,20,the back
2021-07-02,está,spanish,2021-07,20,this
2021-07-02,schwer,german,2021-07,20,difficult
2021-07-02,einer,german,2021-07,20,one
2021-07-03,cayó,spanish,2021-07,20,it fell
2021-07-03,Snack,german,2021-07,20,snack
2021-07-03,Papier,german,2021-07,20,paper
2021-07-03,kitzeln,german,2021-07,20,tickle
2021-07-04,Glas,german,2021-07,20,Glass
2021-07-04,amigo,spanish,2021-07,20,dude
2021-07-05,zanahoria,spanish,2021-07,20,carrot
2021-07-05,Avocado,german,2021-07,20,avocado
2021-07-05,messen,german,2021-07,20,measure up
2021-07-06,Pulli,german,2021-07,20,Sweater
2021-07-06,calzón,spanish,2021-07,20,breeches
2021-07-06,vier,german,2021-07,20,four
2021-07-06,sechs,german,2021-07,20,six
2021-07-06,neun,german,2021-07,20,nine
2021-07-06,acht,german,2021-07,20,eight
2021-07-07,blanco,spanish,2021-07,20,white
2021-07-07,fantasma,spanish,2021-07,20,ghost
2021-07-07,negro,spanish,2021-07,20,black
2021-07-08,grün,german,2021-07,20,green
2021-07-10,cereal,spanish,2021-07,20,cereal
2021-07-10,Attacke,german,2021-07,20,attack
2021-07-11,Titus,neutral,2021-07,20,Titus
2021-07-11,ya,spanish,2021-07,20,Already
2021-07-11,Kiran,neutral,2021-07,20,Kiran
2021-07-11,mitkommen,german,2021-07,20,come along
2021-07-11,Schnittlauch,german,2021-07,20,chives
2021-07-11,ausziehen,german,2021-07,20,move out
2021-07-11,schlucken,german,2021-07,20,swallow
2021-07-11,Räuber,german,2021-07,20,robber
2021-07-11,diez,spanish,2021-07,20,ten
2021-07-12,mundo,spanish,2021-07,20,world
2021-07-12,mucho,spanish,2021-07,20,much
2021-07-12,Schatten,german,2021-07,20,The shade
2021-07-13,bueno,spanish,2021-07,20,Okay
2021-07-15,schwarz,german,2021-07,20,black
2021-07-15,gis,spanish,2021-07,20,chalk
2021-07-15,Kreide,german,2021-07,20,chalk
2021-07-15,hier,german,2021-07,20,here
2021-07-15,tocar,spanish,2021-07,20,play
2021-07-15,espejo,spanish,2021-07,20,mirror
2021-07-15,shorts,spanish,2021-07,20,shorts
2021-07-16,Bäcker,german,2021-07,20,baker
2021-07-16,Maske,german,2021-07,20,mask
2021-07-16,tocar,spanish,2021-07,20,play
2021-07-17,Frischkäse,german,2021-07,20,cream cheese
2021-07-17,Heim,german,2021-07,20,home
2021-07-17,mantequilla,spanish,2021-07,20,Butter
2021-07-17,botas,spanish,2021-07,20,boots
2021-07-17,Wäsche,german,2021-07,20,Laundry
2021-07-18,Pusteblume,german,2021-07,20,Dandelion
2021-07-18,Brille,german,2021-07,20,glasses
2021-07-18,Vogel,german,2021-07,20,Bird
2021-07-18,Tischtennis,german,2021-07,20,Table tennis
2021-07-18,grande,spanish,2021-07,20,great
2021-07-19,Bauch,german,2021-07,20,belly
2021-07-19,tigre,spanish,2021-07,20,tiger
2021-07-19,Pferd,german,2021-07,20,Horse
2021-07-19,Igel,german,2021-07,20,Hedgehog
2021-07-19,ardilla,spanish,2021-07,20,squirrel
2021-07-20,leer,german,2021-07,21,empty
2021-07-20,Zähne,german,2021-07,21,teeth
2021-07-21,Vielleicht,german,2021-07,21,Maybe
2021-07-21,schiess,german,2021-07,21,shoot
2021-07-21,Eichhörnchen,german,2021-07,21,squirrel
2021-07-21,Rückwärts,german,2021-07,21,Backward
2021-07-22,süß,german,2021-07,21,Sweet
2021-07-22,warm,german,2021-07,21,warm
2021-07-23,Nektarine,german,2021-07,21,nectarine
2021-07-24,fein,german,2021-07,21,fine
2021-07-24,hipopótamo,spanish,2021-07,21,hippo
2021-07-24,oso,spanish,2021-07,21,bear
2021-07-24,foto,spanish,2021-07,21,Photo
2021-07-24,maleta,spanish,2021-07,21,bag
2021-07-26,Ausfahrt,german,2021-07,21,exit
2021-07-26,weiter,german,2021-07,21,further
2021-07-27,Zug,german,2021-07,21,train
2021-07-27,jitomate,spanish,2021-07,21,Jitomate
2021-07-27,Mond,german,2021-07,21,moon
2021-07-28,fuerte,spanish,2021-07,21,strong
2021-07-28,Búho,spanish,2021-07,21,Owl
2021-07-28,Paula,neutral,2021-07,21,Paula
2021-07-28,Bär,german,2021-07,21,bear
2021-07-28,Isa,neutral,2021-07,21,Isa
2021-07-30,meiner,german,2021-07,21,mine
2021-07-30,einer,german,2021-07,21,one
2021-07-31,salud,spanish,2021-07,21,Health
2021-07-31,ven,spanish,2021-07,21,come
2021-07-31,heute,german,2021-07,21,today
2021-08-01,Mexico,spanish,2021-08,21,Mexico
2021-08-01,Wand,german,2021-08,21,Wall
2021-08-01,buscar,spanish,2021-08,21,Search
2021-08-01,arm,german,2021-08,21,poor
2021-08-02,Memory,german,2021-08,21,Memory
2021-08-02,chanclas,spanish,2021-08,21,flip flops
2021-08-03,cerrado,spanish,2021-08,21,closed
2021-08-03,Hausschuhe,german,2021-08,21,Slippers
2021-08-03,toma,spanish,2021-08,21,taking
2021-08-03,botas,spanish,2021-08,21,boots
2021-08-04,salud,spanish,2021-08,21,Health
2021-08-04,danke,spanish,2021-08,21,Danke
2021-08-04,bitte,spanish,2021-08,21,bitte
2021-08-04,Wohnung,spanish,2021-08,21,Wohnung
2021-08-05,ICE,German,2021-08,21,ICE
2021-08-05,zehn,German,2021-08,21,zehn
2021-08-05,acht,German,2021-08,21,acht
2021-08-05,sieben,German,2021-08,21,sieben
2021-08-05,zwei,German,2021-08,21,zwei
2021-08-05,vier,German,2021-08,21,vier
2021-08-05,drei,German,2021-08,21,drei
2021-08-05,toalla,spanish,2021-08,21,towel
2021-08-05,tienes,spanish,2021-08,21,you have
2021-08-05,susto,spanish,2021-08,21,scare
2021-08-05,sechs,German,2021-08,21,sechs
2021-08-07,lejos,spanish,2021-08,21,far
2021-08-07,tortuga,spanish,2021-08,21,tortoise
2021-08-07,Rino,german,2021-08,21,Rino
2021-08-07,saco,spanish,2021-08,21,coat
2021-08-07,jetzt,german,2021-08,21,now
2021-08-07,siete,spanish,2021-08,21,seven
2021-08-07,seis,spanish,2021-08,21,six
2021-08-07,putzen,German,2021-08,21,putzen
2021-08-07,Müll,German,2021-08,21,Müll
2021-08-07,Murmel,German,2021-08,21,Murmel
2021-08-07,tienes,spanish,2021-08,21,you have
2021-08-08,leuchten,german,2021-08,21,to shine
2021-08-08,Hase,german,2021-08,21,Rabbit
2021-08-08,Stinktier,german,2021-08,21,skunk
2021-08-08,dulce,spanish,2021-08,21,sweet
2021-08-08,sentar,spanish,2021-08,21,sit
2021-08-08,Barfuß,german,2021-08,21,Barefoot
2021-08-08,caliente,spanish,2021-08,21,hot
2021-08-09,Buch,german,2021-08,21,A book
2021-08-09,alleine,german,2021-08,21,alone
2021-08-09,Knäckebrot,german,2021-08,21,crispbread
2021-08-10,Biene,german,2021-08,21,bee
2021-08-10,vaca,spanish,2021-08,21,cow
2021-08-10,Schaf,german,2021-08,21,sheep
2021-08-10,Hase,german,2021-08,21,Rabbit
2021-08-11,Hainer,neutral,2021-08,21,Hainer
2021-08-12,amorcito,spanish,2021-08,21,sweetheart
2021-08-13,ausmalen,german,2021-08,21,paint
2021-08-13,durmiendo,spanish,2021-08,21,sleeping
2021-08-13,Muncholino,neutral,2021-08,21,Muncholino
2021-08-13,Haargummi,german,2021-08,21,Hair tie
2021-08-13,Wombat,german,2021-08,21,Wombat
2021-08-14,Ziege,german,2021-08,21,Goat
2021-08-14,Fahrrad,german,2021-08,21,bicycle
2021-08-14,Kuchen,german,2021-08,21,cake
2021-08-15,Simone,neutral,2021-08,21,Simone
2021-08-15,Stuhl,german,2021-08,21,chair
2021-08-15,Toll,german,2021-08,21,Great
2021-08-16,ballena,spanish,2021-08,21,whale
2021-08-17,planeta,spanish,2021-08,21,planet
2021-08-17,zorro,spanish,2021-08,21,fox
2021-08-17,Wind,german,2021-08,21,wind
2021-08-17,lindo,spanish,2021-08,21,pretty
2021-08-17,cerdo,spanish,2021-08,21,pork
2021-08-17,araña,spanish,2021-08,21,spider
2021-08-17,avión,spanish,2021-08,21,airplane
2021-08-19,Käsefuss,german,2021-08,22,Cheese foot
2021-08-19,Frosch,german,2021-08,22,frog
2021-08-20,Salat,german,2021-08,22,salad
2021-08-20,so jetzt,german,2021-08,22,so now
2021-08-20,Paprika,german,2021-08,22,paprika
2021-08-21,Haargummi,german,2021-08,22,Hair tie
2021-08-21,Haferflocken,german,2021-08,22,oatmeal
2021-08-21,schnell,german,2021-08,22,quickly
2021-08-22,raton,spanish,2021-08,22,mouse
2021-08-22,buenas noches,spanish,2021-08,22,good night
2021-08-22,bolsa,spanish,2021-08,22,bag
2021-08-22,buenos dias,spanish,2021-08,22,good morning
2021-08-22,puerta,spanish,2021-08,22,gate
2021-08-23,workout,german,2021-08,22,workout
2021-08-23,Vulva,german,2021-08,22,vulva
2021-08-23,schneiden,german,2021-08,22,cut
2021-08-24,mobil,spanish,2021-08,22,Mobil
2021-08-25,Mati,neutral,2021-08,22,Mati
2021-08-25,lesen,german,2021-08,22,read
2021-08-25,Schweinchen,german,2021-08,22,Piggy
2021-08-26,haben,german,2021-08,22,to have
2021-08-26,ausziehen,german,2021-08,22,move out
2021-08-26,pantalón,spanish,2021-08,22,pants
2021-08-26,t-shirt,spanish,2021-08,22,T-Shirt
2021-08-26,rutschig,german,2021-08,22,slippery
2021-08-26,Supermarkt,german,2021-08,22,Supermarket
2021-08-26,kommen,german,2021-08,22,come
2021-08-26,anziehen,german,2021-08,22,put on 
2021-08-27,abholen,german,2021-08,22,collect
2021-08-27,Ina,neutral,2021-08,22,Ina
2021-08-28,Huhn,german,2021-08,22,Chicken
2021-08-28,Herz,german,2021-08,22,heart
2021-08-28,tragen,german,2021-08,22,wear
2021-08-28,alle,german,2021-08,22,Everyone
2021-08-29,pingüino,spanish,2021-08,22,penguin
2021-08-29,schade,german,2021-08,22,a pity
2021-08-29,klein,german,2021-08,22,small
2021-08-29,zart,german,2021-08,22,tender
2021-08-30,vorne,german,2021-08,22,in front
2021-08-30,links,german,2021-08,22,Left
2021-08-30,compu,spanish,2021-08,22,Compu
2021-08-30,prost,german,2021-08,22,cheers
2021-08-30,verdad,spanish,2021-08,22,TRUE
2021-08-30,bleiben,german,2021-08,22,stay
2021-08-30,rechts,german,2021-08,22,to the right
2021-09-01,Wassermelone,german,2021-09,22,Watermelon
2021-09-01,nochmal,german,2021-09,22,once again
2021-09-02,sauber,german,2021-09,22,clean
2021-09-02,bajar,spanish,2021-09,22,go down
2021-09-02,laufen,spanish,2021-09,22,Loufen
2021-09-03,Janice,neutral,2021-09,22,Janice
2021-09-03,arbeiten,german,2021-09,22,work
2021-09-03,Hof,german,2021-09,22,court
2021-09-03,vuelan,spanish,2021-09,22,They fly
2021-09-04,letras,spanish,2021-09,22,letters
2021-09-04,noch,german,2021-09,22,still
2021-09-04,sagen,german,2021-09,22,to say
2021-09-04,quienes,spanish,2021-09,22,who
2021-09-04,Löwe,german,2021-09,22,Lion
2021-09-05,kochen,german,2021-09,22,Cook
2021-09-06,miedo,spanish,2021-09,22,fear
2021-09-06,Fischlein,german,2021-09,22,little fish
2021-09-07,Carrousel,german,2021-09,22,Carrousel
2021-09-07,hilfe,german,2021-09,22,Help
2021-09-07,doch,german,2021-09,22,yet
2021-09-07,ayuda,spanish,2021-09,22,aid
2021-09-07,fuente,spanish,2021-09,22,font
2021-09-08,Hallöchen,german,2021-09,22,Hello
2021-09-08,marcas,spanish,2021-09,22,brands
2021-09-08,listos,spanish,2021-09,22,Ready
2021-09-08,fuera,spanish,2021-09,22,outside
2021-09-09,müffeln,german,2021-09,22,muffle
2021-09-09,Grasshüpfer,german,2021-09,22,grasshopper
2021-09-09,holen,german,2021-09,22,to fetch
2021-09-10,cerrada,spanish,2021-09,22,closed
2021-09-10,rein,german,2021-09,22,pure
2021-09-10,sed,spanish,2021-09,22,thirst
2021-09-10,Stadt,german,2021-09,22,city
2021-09-10,Dave,neutral,2021-09,22,Dave
2021-09-10,cabe,spanish,2021-09,22,It fits
2021-09-11,cortar,spanish,2021-09,22,cut
2021-09-11,fertig,german,2021-09,22,finished
2021-09-11,verletzen,german,2021-09,22,violate
2021-09-12,klopfen,german,2021-09,22,beat
2021-09-12,pared,spanish,2021-09,22,wall
2021-09-13,abbeißen,german,2021-09,22,bite off
2021-09-13,kaufen,german,2021-09,22,to buy
2021-09-13,sitzen,german,2021-09,22,sit
2021-09-13,escalera,spanish,2021-09,22,ladder
2021-09-13,Lied,german,2021-09,22,song
2021-09-13,pásale,spanish,2021-09,22,Pass it
2021-09-13,familia,spanish,2021-09,22,family
2021-09-13,balancieren,neutral,2021-09,22,balancieren
2021-09-14,flecha,spanish,2021-09,22,arrow
2021-09-15,culo,spanish,2021-09,22,ass
2021-09-15,Kimi,neutral,2021-09,22,Kimi
2021-09-15,zeigen,german,2021-09,22,demonstrate
2021-09-16,einkaufen,german,2021-09,22,shop
2021-09-16,aspiradora,spanish,2021-09,22,Vacuum cleaner
2021-09-17,Nuffin,german,2021-09,22,Nuffin
2021-09-17,otoño,spanish,2021-09,22,fall
2021-09-18,Fahrrad,german,2021-09,22,bicycle
2021-09-18,porfis,spanish,2021-09,22,Porfis
2021-09-18,gucken,german,2021-09,22,look at
2021-09-19,desayuno,spanish,2021-09,23,breakfast
2021-09-19,Kuscheltier,german,2021-09,23,Cuddly toy
2021-09-19,Einhorn,german,2021-09,23,unicorn
2021-09-19,taladro,spanish,2021-09,23,drill
2021-09-19,bohren,german,2021-09,23,drill
2021-09-20,zeigen,german,2021-09,23,demonstrate
2021-09-23,aufräumen,german,2021-09,23,to clean up
2021-09-23,nochmal,german,2021-09,23,once again
2021-09-23,Fußball,german,2021-09,23,Soccer
2021-09-23,Koffer,german,2021-09,23,suitcase
2021-09-23,Wohnzimmer,german,2021-09,23,living room
2021-09-23,gemacht,german,2021-09,23,did
2021-09-23,aufwachen,german,2021-09,23,awaken
2021-09-24,kochen,german,2021-09,23,Cook
2021-09-24,hingelegt,german,2021-09,23,placed
2021-09-24,Test,german,2021-09,23,test
2021-09-24,alarma,spanish,2021-09,23,alarm
2021-09-24,geben,german,2021-09,23,give
2021-09-24,gluggert,german,2021-09,23,glaconized
2021-09-26,Schaukel,german,2021-09,23,Swing
2021-09-26,jardín,spanish,2021-09,23,yard
2021-09-27,einkaufen,german,2021-09,23,shop
2021-09-27,probieren,german,2021-09,23,try
2021-09-28,wunderbar,german,2021-09,23,Marvelous
2021-09-28,papel,spanish,2021-09,23,paper
2021-09-28,cortar,spanish,2021-09,23,cut
2021-09-28,pintar,spanish,2021-09,23,to paint
2021-09-29,trocken,german,2021-09,23,dry
2021-09-29,Räuberhöhle,german,2021-09,23,Robbery
2021-09-29,Zimmer,german,2021-09,23,Room
2021-09-29,sauber,german,2021-09,23,clean
2021-09-30,oscuro,spanish,2021-09,23,Dark
2021-09-30,Glühwürmchen,german,2021-09,23,Firefly
2021-09-30,Hose,german,2021-09,23,trousers
2021-09-30,Helm,german,2021-09,23,helmet
2021-10-01,Kastanie,german,2021-10,23,chestnut
2021-10-01,runterfallen,german,2021-10,23,fall down
2021-10-01,balancieren,german,2021-10,23,balance
2021-10-02,wickeln,german,2021-10,23,wrap
2021-10-02,abklöpfen,german,2021-10,23,knock down
2021-10-02,suchen,german,2021-10,23,Looking for
2021-10-02,dran,german,2021-10,23,your turn
2021-10-02,loslassen,german,2021-10,23,let go
2021-10-03,spielen,german,2021-10,23,to play
2021-10-04,Schale,german,2021-10,23,Peel
2021-10-04,schade,german,2021-10,23,a pity
2021-10-05,Schluckauf,german,2021-10,23,hiccup
2021-10-05,Schwan,german,2021-10,23,swan
2021-10-05,Otter,german,2021-10,23,otter
2021-10-06,Emu,german,2021-10,23,emu
2021-10-06,Dingo,german,2021-10,23,dingo
2021-10-06,Canguro,german,2021-10,23,Canguro
2021-10-06,Schimpanse,german,2021-10,23,chimpanzee
2021-10-06,Apfelschorle,german,2021-10,23,Apple spritzer
2021-10-06,Knopf,german,2021-10,23,Button
2021-10-07,Kinder,german,2021-10,23,children
2021-10-07,encanta,spanish,2021-10,23,loves
2021-10-07,Natalia,neutral,2021-10,23,Natalia
2021-10-07,Akku,german,2021-10,23,battery pack
2021-10-09,cable,spanish,2021-10,23,cable
2021-10-09,Schublade,german,2021-10,23,Drawer
2021-10-09,schreiben,spanish,2021-10,23,Schreiben
2021-10-09,Mittagsschlaf,german,2021-10,23,Nap
2021-10-09,kratzen,german,2021-10,23,scratch
2021-10-09,codo,spanish,2021-10,23,elbow
2021-10-09,también,spanish,2021-10,23,also
2021-10-10,ausspucken,german,2021-10,23,spit
2021-10-10,funciona,spanish,2021-10,23,works
2021-10-11,canción,spanish,2021-10,23,song
2021-10-11,später,german,2021-10,23,later
2021-10-11,pronto,spanish,2021-10,23,early
2021-10-11,seco,spanish,2021-10,23,dry
2021-10-12,Hubschrauber,german,2021-10,23,helicopter
2021-10-12,porfin,spanish,2021-10,23,at last
2021-10-12,packen,german,2021-10,23,pack
2021-10-13,reír,spanish,2021-10,23,laugh
2021-10-13,reparando,spanish,2021-10,23,Repairing
2021-10-13,aufräumen,german,2021-10,23,to clean up
2021-10-13,Saft,german,2021-10,23,Juice
2021-10-13,Quiche,german,2021-10,23,quiche
2021-10-14,Maultasche,german,2021-10,23,Muzzle
2021-10-14,algo,spanish,2021-10,23,something
2021-10-15,Eisbär,german,2021-10,23,Icebear
2021-10-15,Backofen,german,2021-10,23,oven
2021-10-15,poquito,spanish,2021-10,23,a little
2021-10-15,provecho,spanish,2021-10,23,advantage
2021-10-15,Abendessen,german,2021-10,23,dinner
2021-10-16,conoce,spanish,2021-10,23,known
2021-10-16,arcoiris,spanish,2021-10,23,rainbow
2021-10-16,Abenteuer,german,2021-10,23,adventure
2021-10-17,tope,spanish,2021-10,23,stop
2021-10-17,Junge,german,2021-10,23,Young
2021-10-17,hören,german,2021-10,23,Listen
2021-10-18,Heike,neutral,2021-10,23,Heike
2021-10-18,agarra,spanish,2021-10,23,grabs
2021-10-18,vive,spanish,2021-10,23,it lives
2021-10-18,Luftballon,german,2021-10,23,balloon
2021-10-18,es,german,2021-10,23,it
2021-10-18,geht’s,german,2021-10,23,Is it possible
2021-10-18,águila,spanish,2021-10,23,eagle
2021-10-18,Maya,neutral,2021-10,23,Maya
2021-10-19,bleiben,german,2021-10,24,stay
2021-10-19,bringen,german,2021-10,24,bring
2021-10-19,Schere,german,2021-10,24,scissors
2021-10-19,Geburtstag,german,2021-10,24,birthday
2021-10-20,perrito,spanish,2021-10,24,puppy
2021-10-22,erschrecken,german,2021-10,24,frighten
2021-10-22,anrufen,german,2021-10,24,call up
2021-10-22,Doktor,german,2021-10,24,doctor
2021-10-23,riechen,german,2021-10,24,smell
2021-10-24,zuerst,german,2021-10,24,first
2021-10-24,aufschneiden,german,2021-10,24,cut open
2021-10-25,Angst,german,2021-10,24,fear
2021-10-25,Bauchschmerzen,german,2021-10,24,stomach pain
2021-10-25,estómago,spanish,2021-10,24,stomach
2021-10-25,Stiefel,german,2021-10,24,Boots
2021-10-25,krank,german,2021-10,24,Sick
2021-10-25,aufstehen,german,2021-10,24,stand up
2021-10-25,aufwachen,german,2021-10,24,awaken
2021-10-25,Bauchweh,german,2021-10,24,a stomach ache
2021-10-26,hasta luego,spanish,2021-10,24,bye
2021-10-26,warten,german,2021-10,24,waiting
2021-10-26,jugar,spanish,2021-10,24,play
2021-10-26,pensar,spanish,2021-10,24,to think
2021-10-26,ButterMasala,neutral,2021-10,24,ButterMasala
2021-10-26,llegó,spanish,2021-10,24,I arrive
2021-10-27,picnic,spanish,2021-10,24,picnic
2021-10-27,aufpassen,german,2021-10,24,watch after
2021-10-27,Blätterdieb,german,2021-10,24,Leaf thief
2021-10-27,falta,spanish,2021-10,24,lack
2021-10-28,vermisst,german,2021-10,24,missing
2021-10-28,abgelenkt,german,2021-10,24,diverted
2021-10-28,wechseln,german,2021-10,24,switch
2021-10-29,Saskia,neutral,2021-10,24,Saskia
2021-10-29,aussteigen,german,2021-10,24,get out
2021-10-29,Feuerwehr,german,2021-10,24,fire department
2021-10-29,favorito,spanish,2021-10,24,Favourite
2021-10-29,wickeln,german,2021-10,24,wrap
2021-10-29,sehr gerne,german,2021-10,24,very gladly
2021-10-29,keine,german,2021-10,24,no
2021-10-30,Kiel,german,2021-10,24,Keel
2021-10-30,heiße,german,2021-10,24,name is
2021-10-30,Meer,german,2021-10,24,sea
2021-10-30,vacaciones,spanish,2021-10,24,holidays
2021-10-31,partir,spanish,2021-10,24,leave
2021-10-31,Hotel,spanish,2021-10,24,Hotel
2021-10-31,tarjeta,spanish,2021-10,24,card
2021-11-01,carta,german,2021-11,24,Carta
2021-11-01,moment,german,2021-11,24,moment
2021-11-01,Robbe,german,2021-11,24,seal
2021-11-02,Post,german,2021-11,24,post
2021-11-03,molinillo,spanish,2021-11,24,grinder
2021-11-03,Ian,neutral,2021-11,24,Ian
2021-11-03,comezón,spanish,2021-11,24,itch
2021-11-03,muñeco,spanish,2021-11,24,doll
2021-11-04,baila,spanish,2021-11,24,Dance
2021-11-04,parece,spanish,2021-11,24,It seems
2021-11-04,anbehalten,german,2021-11,24,keep on
2021-11-04,quedito,spanish,2021-11,24,Sead
2021-11-04,veo,spanish,2021-11,24,I see
2021-11-04,cochino,spanish,2021-11,24,nasty
2021-11-04,genau,german,2021-11,24,I agree
2021-11-05,presto,spanish,2021-11,24,presto
2021-11-05,Würfel,german,2021-11,24,Dice
2021-11-06,sirena,spanish,2021-11,24,siren
2021-11-06,pupilentes,spanish,2021-11,24,Pupilents
2021-11-07,Volleyball,german,2021-11,24,volleyball
2021-11-07,mejor,spanish,2021-11,24,better
2021-11-07,nicht,german,2021-11,24,Not
2021-11-07,gol,spanish,2021-11,24,goal
2021-11-07,aber,german,2021-11,24,but
2021-11-07,Tischtennisball,german,2021-11,24,Table tennis ball
2021-11-07,camello,spanish,2021-11,24,camel
2021-11-07,Kamel,german,2021-11,24,camel
2021-11-07,pecho,spanish,2021-11,24,chest
2021-11-07,patada,spanish,2021-11,24,kick
2021-11-07,dorso,spanish,2021-11,24,back
2021-11-07,Faultier,german,2021-11,24,sloth
2021-11-07,was,german,2021-11,24,What
2021-11-08,danach,german,2021-11,24,thereafter
2021-11-08,zuerst,german,2021-11,24,first
2021-11-08,agáchense,spanish,2021-11,24,AGACHENSE
2021-11-08,aufsperren,german,2021-11,24,unlock
2021-11-08,darf,german,2021-11,24,may
2021-11-08,Brettspiel,german,2021-11,24,Board game
2021-11-08,Kürbis,german,2021-11,24,pumpkin
2021-11-09,todavía,spanish,2021-11,24,yet
2021-11-09,Spotify,neutral,2021-11,24,Spotify
2021-11-10,Brötchen,german,2021-11,24,bread roll
2021-11-10,lieber,german,2021-11,24,rather
2021-11-10,wohin,german,2021-11,24,where
2021-11-10,calabaza,spanish,2021-11,24,pumpkin
2021-11-10,lastimar,spanish,2021-11,24,hurt
2021-11-10,guapo,spanish,2021-11,24,Handsome
2021-11-11,Radio,spanish,2021-11,24,Radio
2021-11-11,Walnusbrötchen,german,2021-11,24,Walnus roll
2021-11-11,Mang- Lassi,neutral,2021-11,24,Mang- Lassi
2021-11-11,aufpassen,german,2021-11,24,watch after
2021-11-11,Kiki,neutral,2021-11,24,Kiki
2021-11-12,Medizin,german,2021-11,24,medicine
2021-11-12,Musikschule,german,2021-11,24,music school
2021-11-12,Butter,german,2021-11,24,butter
2021-11-12,Marmelade,german,2021-11,24,jam
2021-11-12,umdrehen,german,2021-11,24,turn around
2021-11-13,Trommel ,german,2021-11,24,drum
2021-11-13,Lücke,german,2021-11,24,gap
2021-11-16,verstecken ,german,2021-11,24,hide
2021-11-16,esconder,spanish,2021-11,24,hide
2021-11-16,turno ,spanish,2021-11,24,turn
2021-11-16,tirar,spanish,2021-11,24,throw
2021-11-16,medicina,spanish,2021-11,24,medicine
2021-11-16,Wurm,german,2021-11,24,worm
2021-11-16,estirar ,spanish,2021-11,24,to stretch
2021-11-16,Schokopudding,german,2021-11,24,chocolate pudding
2021-11-16,Autoschlüssel ,german,2021-11,24,car key
2021-11-16,stoßen ,german,2021-11,24,bump
2021-11-17,ganz,german,2021-11,24,all
2021-11-17,fantastisch,german,2021-11,24,fantastic
2021-11-17,anders,german,2021-11,24,different
2021-11-19,Musikschule,german,2021-11,25,music school
2021-11-19,historia ,spanish,2021-11,25,history
2021-11-20,Mal so,german,2021-11,25,Times
2021-11-20,feliz,spanish,2021-11,25,happy
2021-11-20,ballet ,spanish,2021-11,25,ballet
2021-11-20,Prinzessin ,german,2021-11,25,princess
2021-11-21,widermal,german,2021-11,25,reluctant
2021-11-22,Heckmeck,neutral,2021-11,25,Heckmeck
2021-11-22,gusano,spanish,2021-11,25,worm
2021-11-24,Fehlwurf,german,2021-11,25,False throw
2021-11-24,Straße ,german,2021-11,25,Street
2021-11-24,falsch ,german,2021-11,25,not correct
2021-11-25,dieses,german,2021-11,25,this
2021-11-25,Regenbogenfisch,german,2021-11,25,Rainbow fish
2021-11-26,deiner ,german,2021-11,25,yours
2021-11-26,mueve,spanish,2021-11,25,move
2021-11-26,torre,spanish,2021-11,25,tower
2021-11-26,cintura ,spanish,2021-11,25,waist
2021-11-26,Turm,german,2021-11,25,Tower
2021-11-27,Jugendfarm,german,2021-11,25,Youth farm
2021-11-27,prima,spanish,2021-11,25,cousin
2021-11-27,Eigentor,german,2021-11,25,Own goal
2021-11-27,Weiter,spanish,2021-11,25,Weiter
2021-11-28,ohne,german,2021-11,25,without
2021-11-28,genug,german,2021-11,25,enough
2021-11-28,amaranto,spanish,2021-11,25,amaranth
2021-11-28,drin,german,2021-11,25,in it
2021-11-28,aleman ,spanish,2021-11,25,German
2021-11-29,Untersuchung ,german,2021-11,25,investigation
2021-11-29,Freunde,german,2021-11,25,friends
2021-11-30,Kalendar,german,2021-11,25,Calendar
2021-12-01,Adventskalender ,german,2021-12,25,advent Calendar
2021-12-02,Waschmaschine ,german,2021-12,25,Washing machine
2021-12-02,Weihnachtsmusik,german,2021-12,25,Christmas music
2021-12-02,Tannenbaum,german,2021-12,25,Christmas tree
2021-12-02,checar,spanish,2021-12,25,check
2021-12-02,Nikolaus,german,2021-12,25,Nicholas
2021-12-03,clase ,spanish,2021-12,25,class
2021-12-03,pirata ,spanish,2021-12,25,pirate
2021-12-03,parche,spanish,2021-12,25,patch
2021-12-03,brauchen,german,2021-12,25,to need
2021-12-04,chicos,spanish,2021-12,25,Boys
2021-12-05,remolino ,spanish,2021-12,25,swirl
2021-12-05,iguales ,spanish,2021-12,25,equal
2021-12-05,escalera,spanish,2021-12,25,ladder
2021-12-06,fragen,spanish,2021-12,25,Fragen
2021-12-06,keine,spanish,2021-12,25,Keine
2021-12-06,Absicht,german,2021-12,25,intention
2021-12-06,Waschbär,german,2021-12,25,racoon
2021-12-06,Königstöchter,german,2021-12,25,Royal daughter
2021-12-06,Quatsch ,german,2021-12,25,Nonsense
2021-12-07,heute,german,2021-12,25,today
2021-12-07,Mittag,german,2021-12,25,Midday
2021-12-07,boleto,spanish,2021-12,25,ticket
2021-12-07,reiten ,spanish,2021-12,25,reite
2021-12-07,der,german,2021-12,25,the
2021-12-07,die ,german,2021-12,25,the
2021-12-08,los,spanish,2021-12,25,the
2021-12-08,la,spanish,2021-12,25,the
2021-12-08,Geschichte,german,2021-12,25,story
2021-12-08,Glocke,german,2021-12,25,Bell jar
2021-12-08,acabo,spanish,2021-12,25,finished
2021-12-08,cuento,spanish,2021-12,25,story
2021-12-08,Jakob,neutral,2021-12,25,Jakob
2021-12-09,mañanitas ,spanish,2021-12,25,Mañanitas
2021-12-10,Gesund,german,2021-12,25,Healthy
2021-12-10,Händekreme,german,2021-12,25,Crowd
2021-12-10,wackelig,german,2021-12,25,shaky
2021-12-10,von,german,2021-12,25,from
2021-12-11,el,spanish,2021-12,25,the
2021-12-11,glaube ,german,2021-12,25,believe
2021-12-12,kurz,german,2021-12,25,short
2021-12-12,Stroh,german,2021-12,25,straw
2021-12-13,runterfliegen,german,2021-12,25,fly down
2021-12-13,fichas ,spanish,2021-12,25,records
2021-12-13,aufgehen,german,2021-12,25,rise up
2021-12-13,Maulwurfhügel,german,2021-12,25,Mole hill
2021-12-14,vestir ,spanish,2021-12,25,wear
2021-12-16,Krümel ,german,2021-12,25,Crumbs
2021-12-16,erzählen,german,2021-12,25,tell
2021-12-17,con,spanish,2021-12,25,with
2021-12-18,Klingglöckchen,german,2021-12,25,Jingle bell
2021-12-19,aufkleben,german,2021-12,26,stick on
2021-12-20,kriegt,german,2021-12,26,gets
2021-12-20,angenehmer ,german,2021-12,26,more pleasant
2021-12-21,dime,spanish,2021-12,26,tell me
2021-12-21,mande,spanish,2021-12,26,What
2021-12-21,para,spanish,2021-12,26,for
2021-12-22,pur,german,2021-12,26,pure
2021-12-22,pata ,spanish,2021-12,26,paw
2021-12-23,me,spanish,2021-12,26,I
2021-12-23,arbolito,spanish,2021-12,26,Tree
2021-12-24,backen ,german,2021-12,26,to bake
2021-12-24,Teig,german,2021-12,26,Dough
2021-12-24,Geschenk ,german,2021-12,26,gift
2021-12-24,regalo ,spanish,2021-12,26,gift
2021-12-24,navidad,spanish,2021-12,26,Christmas
2021-12-25,jemand,german,2021-12,26,someone
2021-12-25,einzigartig,german,2021-12,26,unique
2021-12-26,que ,spanish,2021-12,26,that
2021-12-26,es,spanisch,2021-12,26,es
2021-12-26,Domino,german,2021-12,26,domino
2021-12-27,Streithörnchen,german,2021-12,26,Argument
2021-12-28,lechuga,spanish,2021-12,26,lettuce
2021-12-28,nah,german,2021-12,26,close
2021-12-28,Wichtel,german,2021-12,26,Gnome
2021-12-28,verdura,spanish,2021-12,26,vegetable
2021-12-29,claro ,spanish,2021-12,26,Sure
2021-12-29,Bruder,german,2021-12,26,Brothers
2021-12-29,sabes,spanish,2021-12,26,you know
2021-12-30,uralt,spanish,2021-12,26,Uralt
2021-12-30,Deutsch,german,2021-12,26,German
2021-12-30,eng,german,2021-12,26,closely
2021-12-30,creo,spanish,2021-12,26,I think
2022-01-02,umdrehen ,german,2022-01,26,turn around
2022-01-03,hierlang,german,2022-01,26,this way
2022-01-03,Yoga,german,2022-01,26,yoga
2022-01-04,compartimos ,spanish,2022-01,26,we share
2022-01-04,Klavier ,german,2022-01,26,Piano
2022-01-04,Ruhe,german,2022-01,26,Quiet
2022-01-06,divertido ,spanish,2022-01,26,funny
2022-01-06,limpio,spanish,2022-01,26,cleansed
2022-01-06,schwiendlig,german,2022-01,26,sweaty
2022-01-07,Ärztin ,german,2022-01,26,doctor
2022-01-07,Seite,german,2022-01,26,side
2022-01-07,Nektar,german,2022-01,26,nectar
2022-01-07,Adrienne,neutral,2022-01,26,Adrienne
2022-01-08,traurig,german,2022-01,26,Sad
2022-01-08,Würstchen ,german,2022-01,26,hot dog
2022-01-08,morning,neutral,2022-01,26,morning
2022-01-09,español,spanish,2022-01,26,Spanish
2022-01-09,ziehen ,german,2022-01,26,draw
2022-01-09,Kompost,german,2022-01,26,compost
2022-01-09,etwa,german,2022-01,26,about
2022-01-09,festhalten,german,2022-01,26,hold tight
2022-01-09,french-toast,neutral,2022-01,26,french-toast
2022-01-09,Cold-Brew,german,2022-01,26,Cold-Brew
2022-01-13,Massagebar,german,2022-01,26,Massage bar
2022-01-13,Pause,german,2022-01,26,Break
2022-01-13,Elch,german,2022-01,26,Moose
2022-01-13,paseo,spanish,2022-01,26,walk
2022-01-13,Dibbelabbes,german,2022-01,26,Dibbelabbes
2022-01-14,ándale ,spanish,2022-01,26,Come along
2022-01-14,erfrieren ,german,2022-01,26,freeze
2022-01-15,Fisch,german,2022-01,26,Fish
2022-01-15,Stress,german,2022-01,26,stress
2022-01-16,Winter ,german,2022-01,26,winter
2022-01-16,Narwal ,german,2022-01,26,narwhal
2022-01-16,Pip- Langstrumpf,neutral,2022-01,26,Pip- Langstrumpf
2022-01-16,Schule,german,2022-01,26,school
2022-01-16,playlist,german,2022-01,26,playlist
2022-01-16,weit,german,2022-01,26,far
2022-01-16,Welt,german,2022-01,26,World
2022-01-16,Walross,german,2022-01,26,walrus
2022-01-16,Menschen ,german,2022-01,26,people
2022-01-16,paja ,spanish,2022-01,26,straw
2022-01-17,Ruhrei ,german,2022-01,26,scrambled eggs
2022-01-17,Werkstatt ,german,2022-01,26,workshop
2022-01-17,accidente,spanish,2022-01,26,accident
2022-01-17,compartir ,spanish,2022-01,26,to share
2022-01-17,Fahrtende,german,2022-01,26,Driving
2022-01-17,schimpfen,german,2022-01,26,rant
2022-01-17,Schnupfen,german,2022-01,26,Sniffles
2022-01-17,bote,spanish,2022-01,26,boat
2022-01-17,nur,german,2022-01,26,only 
